编号,标题,链接,地点,面积,朝向,布局,楼层
1,整租·金虹苑小区 1室1厅 南,https://sh.lianjia.com/zufang/SH2336682152211005440.html,长宁-西郊-金虹苑小区,40㎡,南,1室1厅1卫,高楼层（6层）
2,整租·王满小区 1室1厅 南,https://sh.lianjia.com/zufang/SH2336889962785677312.html,长宁-西郊-王满小区,37㎡,南,1室1厅1卫,中楼层（5层）
3,整租·东湾小区 1室1厅 南,https://sh.lianjia.com/zufang/SH2335453251145056256.html,徐汇-华泾-东湾小区,41㎡,南,1室1厅1卫,中楼层（6层）
4,整租·瑞福小区 1室1厅 南,https://sh.lianjia.com/zufang/SH2334137048610643968.html,黄浦-豫园-瑞福小区,47㎡,南,1室1厅1卫,中楼层（23层）
5,整租·光华园 1室1厅 南/北,https://sh.lianjia.com/zufang/SH2331094039568588800.html,徐汇-上海南站-光华园,52㎡,南北,1室1厅1卫,低楼层（6层）
6,整租·长桥一村 1室0厅 东南,https://sh.lianjia.com/zufang/SH2314210525871357952.html,徐汇-长桥-长桥一村,42㎡,东南,1室0厅1卫,高楼层（6层）
7,整租·华建一街坊 2室1厅 南,https://sh.lianjia.com/zufang/SH2306213071539929088.html,徐汇-华泾-华建一街坊,56㎡,南,2室1厅1卫,高楼层（6层）
8,整租·宛平南路268弄 1室0厅 南,https://sh.lianjia.com/zufang/SH2326835280406904832.html,徐汇-徐家汇-宛平南路268弄,23㎡,南,1室0厅1卫,中楼层（7层）
9,整租·上中路458弄 1室1厅 南,https://sh.lianjia.com/zufang/SH2326134040845369344.html,徐汇-植物园-上中路458弄,38㎡,南,1室1厅1卫,高楼层（6层）
10,整租·中山南一路1040-1044号 1室0厅 南,https://sh.lianjia.com/zufang/SH2331849459061243904.html,黄浦-世博滨江-中山南一路1040-1044号,30㎡,南,1室0厅1卫,高楼层（6层）
11,整租·田林十二村 1室1厅 南,https://sh.lianjia.com/zufang/SH2298569163675287552.html,徐汇-田林-田林十二村,30㎡,南,1室1厅1卫,中楼层（6层）
12,整租·长桥一村 1室0厅 南,https://sh.lianjia.com/zufang/SH2329487103995412480.html,徐汇-长桥-长桥一村,29㎡,南,1室0厅1卫,中楼层（5层）
13,整租·梅陇九村 1室1厅 南,https://sh.lianjia.com/zufang/SH2325828415392841728.html,徐汇-华东理工-梅陇九村,45㎡,南,1室1厅1卫,高楼层（6层）
14,整租·钦州花苑 1室1厅 南,https://sh.lianjia.com/zufang/SH2298568405286404096.html,徐汇-田林-钦州花苑,55㎡,南,1室1厅1卫,低楼层（30层）
15,整租·光华园 2室1厅 南,https://sh.lianjia.com/zufang/SH2335574433622147072.html,徐汇-上海南站-光华园,61㎡,南,2室1厅1卫,高楼层（6层）
16,整租·康乐小区(徐汇) 2室1厅 南,https://sh.lianjia.com/zufang/SH2335958653024346112.html,徐汇-康健-康乐小区(徐汇),55㎡,南,2室1厅1卫,低楼层（6层）
17,整租·杜鹃园 1室1厅 南,https://sh.lianjia.com/zufang/SH2338491530580598784.html,徐汇-康健-杜鹃园,43㎡,南,1室1厅1卫,低楼层（6层）
18,整租·长虹公寓 1室1厅 南,https://sh.lianjia.com/zufang/SH2335540145312776192.html,长宁-仙霞-长虹公寓,48㎡,南,1室1厅1卫,中楼层（6层）
19,整租·古宋小区 2室2厅 南,https://sh.lianjia.com/zufang/SH2336701424282910720.html,长宁-仙霞-古宋小区,79㎡,南,2室2厅1卫,低楼层（6层）
20,整租·乐山四五村 1室1厅 南,https://sh.lianjia.com/zufang/SH2336231094821076992.html,徐汇-徐家汇-乐山四五村,35㎡,南,1室1厅1卫,低楼层（6层）
21,整租·城东新村（三区） 2室1厅 南,https://sh.lianjia.com/zufang/SH2334521835326554112.html,青浦-夏阳-城东新村（三区）,49㎡,南,2室1厅1卫,高楼层（6层）
22,整租·盈中新村 3室1厅 南,https://sh.lianjia.com/zufang/SH2334804078279786496.html,青浦-盈浦-盈中新村,61㎡,南,3室1厅1卫,高楼层（6层）
23,整租·田林新苑 1室1厅 南,https://sh.lianjia.com/zufang/SH2298567780074520576.html,徐汇-田林-田林新苑,42㎡,南,1室1厅1卫,高楼层（18层）
24,整租·马当小区 2室1厅 南,https://sh.lianjia.com/zufang/SH2334664704963911680.html,黄浦-新天地-马当小区,84㎡,南,2室1厅1卫,中楼层（27层）
25,整租·景港名人苑 2室1厅 南,https://sh.lianjia.com/zufang/SH2333284963925106688.html,青浦-盈浦-景港名人苑,68㎡,南,2室1厅1卫,低楼层（6层）
26,整租·园南三村 2室1厅 南,https://sh.lianjia.com/zufang/SH2337680424354463744.html,徐汇-植物园-园南三村,61㎡,南,2室1厅1卫,中楼层（6层）
27,整租·长虹小区 2室0厅 南/北,https://sh.lianjia.com/zufang/SH2334551392142245888.html,长宁-新华路-长虹小区,47㎡,南北,2室0厅1卫,高楼层（6层）
28,整租·长桥三村 2室1厅 南,https://sh.lianjia.com/zufang/SH2307750683245551616.html,徐汇-长桥-长桥三村,58㎡,南,2室1厅1卫,中楼层（6层）
29,整租·南丹小区 1室1厅 东南/南,https://sh.lianjia.com/zufang/SH2298455869585113088.html,徐汇-徐家汇-南丹小区,37㎡,东南南,1室1厅1卫,低楼层（7层）
30,整租·淡水路442弄 2室1厅 南,https://sh.lianjia.com/zufang/SH2310669801573318656.html,黄浦-新天地-淡水路442弄,46㎡,南,2室1厅1卫,中楼层（6层）
31,整租·绿地时代名邸 2室2厅 南,https://sh.lianjia.com/zufang/SH2330987068676636672.html,青浦-白鹤-绿地时代名邸,84㎡,南,2室2厅1卫,低楼层（28层）
32,整租·丰裕里 2室1厅 南,https://sh.lianjia.com/zufang/SH2309431012997996544.html,黄浦-新天地-丰裕里,60㎡,南,2室1厅1卫,中楼层（3层）
33,整租·汇成五村 2室1厅 南/北,https://sh.lianjia.com/zufang/SH2308484721056677888.html,徐汇-上海南站-汇成五村,59㎡,南北,2室1厅1卫,高楼层（6层）
34,整租·西部花苑 2室2厅 南,https://sh.lianjia.com/zufang/SH2329740728684781568.html,青浦-盈浦-西部花苑,76㎡,南,2室2厅1卫,中楼层（6层）
35,整租·楼园小区 2室1厅 南,https://sh.lianjia.com/zufang/SH2331649267992895488.html,徐汇-上海南站-楼园小区,61㎡,南,2室1厅1卫,中楼层（6层）
36,整租·马当小区 2室1厅 南,https://sh.lianjia.com/zufang/SH2303498281835036672.html,黄浦-新天地-马当小区,62㎡,南,2室1厅1卫,中楼层（27层）
37,整租·康健路77弄 2室1厅 南,https://sh.lianjia.com/zufang/SH2320820357159985152.html,徐汇-康健-康健路77弄,51㎡,南,2室1厅1卫,高楼层（6层）
38,整租·梅陇七村 2室1厅 南/北,https://sh.lianjia.com/zufang/SH2335921237375074304.html,徐汇-华东理工-梅陇七村,62㎡,南北,2室1厅1卫,低楼层（6层）
39,整租·橡胶小区 1室1厅 南,https://sh.lianjia.com/zufang/SH2323155431876468736.html,徐汇-徐家汇-橡胶小区,37㎡,南,1室1厅1卫,中楼层（6层）
40,整租·田林六村 1室1厅 南,https://sh.lianjia.com/zufang/SH2335971832324702208.html,徐汇-田林-田林六村,32㎡,南,1室1厅1卫,低楼层（6层）
41,整租·长海坊 2室1厅 南/北,https://sh.lianjia.com/zufang/SH2326820227771809792.html,徐汇-康健-长海坊,61㎡,南北,2室1厅1卫,低楼层（6层）
42,整租·日晖二村 1室1厅 南,https://sh.lianjia.com/zufang/SH2318110068161118208.html,徐汇-斜土路-日晖二村,38㎡,南,1室1厅1卫,低楼层（5层）
43,整租·田林十二村 1室1厅 南,https://sh.lianjia.com/zufang/SH2334589188525539328.html,徐汇-田林-田林十二村,28㎡,南,1室1厅1卫,低楼层（6层）
44,整租·钦州路111弄 1室1厅 南,https://sh.lianjia.com/zufang/SH2326788694498869248.html,徐汇-康健-钦州路111弄,62㎡,南,1室1厅1卫,高楼层（30层）
45,整租·田林十一村 2室0厅 南,https://sh.lianjia.com/zufang/SH2323779773236510720.html,徐汇-田林-田林十一村,50㎡,南,2室0厅1卫,中楼层（6层）
46,整租·康乐小区(徐汇) 2室1厅 南,https://sh.lianjia.com/zufang/SH2320776106161995776.html,徐汇-康健-康乐小区(徐汇),51㎡,南,2室1厅1卫,低楼层（6层）
47,整租·日晖一村 1室1厅 南,https://sh.lianjia.com/zufang/SH2315999476202356736.html,徐汇-斜土路-日晖一村,41㎡,南,1室1厅1卫,中楼层（5层）
48,整租·长丰坊 2室1厅 南,https://sh.lianjia.com/zufang/SH2330532474608173056.html,徐汇-康健-长丰坊,56㎡,南,2室1厅1卫,高楼层（6层）
49,整租·新世纪花苑(一期)(浦东) 2室1厅 南,https://sh.lianjia.com/zufang/SH2335395554516795392.html,浦东-世博-新世纪花苑(一期)(浦东),51㎡,南,2室1厅1卫,高楼层（7层）
50,整租·康健路25弄 1室1厅 南,https://sh.lianjia.com/zufang/SH2336096119442120704.html,徐汇-康健-康健路25弄,39㎡,南,1室1厅1卫,高楼层（5层）
51,整租·陈家宅小区(浦东大道) 2室1厅 南,https://sh.lianjia.com/zufang/SH2335420819418914816.html,浦东-金桥-陈家宅小区(浦东大道),58㎡,南,2室1厅0卫,高楼层（6层）
52,整租·海院小区 1室1厅 南,https://sh.lianjia.com/zufang/SH2338356475795619840.html,浦东-源深-海院小区,42㎡,南,1室1厅1卫,高楼层（6层）
53,整租·虹桥万博花园 2室2厅 南,https://sh.lianjia.com/zufang/SH2336661211023671296.html,长宁-中山公园-虹桥万博花园,116㎡,南,2室2厅1卫,中楼层（28层）
54,整租·建业新村 1室1厅 南,https://sh.lianjia.com/zufang/SH2335348853760598016.html,浦东-南码头-建业新村,51㎡,南,1室1厅1卫,低楼层（6层）
55,整租·崮山小区二街坊 2室1厅 南,https://sh.lianjia.com/zufang/SH2333802466522431488.html,浦东-洋泾-崮山小区二街坊,46㎡,南,2室1厅1卫,中楼层（6层）
56,整租·海院新村 2室1厅 南,https://sh.lianjia.com/zufang/SH2334613411763601408.html,浦东-源深-海院新村,54㎡,南,2室1厅1卫,低楼层（5层）
57,整租·上南十村 1室1厅 南,https://sh.lianjia.com/zufang/SH2335307072729784320.html,浦东-世博-上南十村,43㎡,南,1室1厅1卫,低楼层（6层）
58,整租·崧泽华城秀景苑 2室1厅 南,https://sh.lianjia.com/zufang/SH2333798045507911680.html,青浦-赵巷-崧泽华城秀景苑,69㎡,南,2室1厅1卫,中楼层（11层）
59,整租·金杨七街坊 2室1厅 南,https://sh.lianjia.com/zufang/SH2334034187013079040.html,浦东-金杨-金杨七街坊,70㎡,南,2室1厅1卫,高楼层（6层）
60,整租·河风丽景 2室1厅 南,https://sh.lianjia.com/zufang/SH2333319425895440384.html,长宁-天山-河风丽景,88㎡,南,2室1厅1卫,高楼层（19层）
61,整租·绿梅二村 2室1厅 南,https://sh.lianjia.com/zufang/SH2323683766121807872.html,闵行-莘庄-绿梅二村,66㎡,南,2室1厅1卫,高楼层（6层）
62,整租·永泰花苑 2室1厅 南,https://sh.lianjia.com/zufang/SH2329745416582594560.html,浦东-三林-永泰花苑,72㎡,南,2室1厅1卫,高楼层（11层）
63,整租·银都新村(1至7区) 1室1厅 南/北,https://sh.lianjia.com/zufang/SH2329673075282411520.html,闵行-颛桥-银都新村(1至7区),40㎡,南北,1室1厅1卫,低楼层（6层）
64,整租·银河新都 1室1厅 南,https://sh.lianjia.com/zufang/SH2330483692301975552.html,闵行-春申-银河新都,51㎡,南,1室1厅1卫,中楼层（10层）
65,整租·金杨新村三街坊 1室1厅 南,https://sh.lianjia.com/zufang/SH2326581519562579968.html,浦东-金杨-金杨新村三街坊,43㎡,南,1室1厅1卫,高楼层（7层）
66,整租·高兴花园 1室1厅 南,https://sh.lianjia.com/zufang/SH2317443525383561216.html,闵行-春申-高兴花园,37㎡,南,1室1厅1卫,低楼层（6层）
67,整租·金桂苑(徐汇) 2室2厅 南,https://sh.lianjia.com/zufang/SH2316745305846464512.html,徐汇-康健-金桂苑(徐汇),88㎡,南,2室2厅1卫,中楼层（24层）
68,整租·凌三小区 1室1厅 南,https://sh.lianjia.com/zufang/SH2321491888936321024.html,浦东-洋泾-凌三小区,42㎡,南,1室1厅1卫,高楼层（6层）
69,整租·临沂三村 1室1厅 南,https://sh.lianjia.com/zufang/SH2313790164327481344.html,浦东-南码头-临沂三村,39㎡,南,1室1厅1卫,高楼层（6层）
70,整租·莘松八村 2室1厅 南,https://sh.lianjia.com/zufang/SH2321532325852356608.html,闵行-莘庄-莘松八村,62㎡,南,2室1厅1卫,高楼层（6层）
71,整租·崧泽华城秀景苑 2室1厅 南,https://sh.lianjia.com/zufang/SH2333142244016013312.html,青浦-赵巷-崧泽华城秀景苑,68㎡,南,2室1厅1卫,低楼层（11层）
72,整租·大盈公寓 3室2厅 南,https://sh.lianjia.com/zufang/SH2334727300756537344.html,青浦-夏阳-大盈公寓,113㎡,南,3室2厅1卫,高楼层（6层）
73,整租·海防新村 1室1厅 南,https://sh.lianjia.com/zufang/SH2328770719053791232.html,浦东-洋泾-海防新村,30㎡,南,1室1厅1卫,高楼层（6层）
74,整租·海炼大楼 1室1厅 南,https://sh.lianjia.com/zufang/SH2328170232168062976.html,浦东-洋泾-海炼大楼,46㎡,南,1室1厅1卫,中楼层（18层）
75,整租·天山华庭 2室2厅 南,https://sh.lianjia.com/zufang/SH2330141108136312832.html,长宁-天山-天山华庭,91㎡,南,2室2厅1卫,低楼层（20层）
76,整租·齐八小区 1室1厅 南,https://sh.lianjia.com/zufang/SH2322968952290156544.html,浦东-世博-齐八小区,47㎡,南,1室1厅1卫,高楼层（6层）
77,整租·新凯城银杏苑 3室2厅 南,https://sh.lianjia.com/zufang/SH2331084547388604416.html,松江-泗泾-新凯城银杏苑,89㎡,南,3室2厅1卫,高楼层（18层）
78,整租·天山怡景苑 2室2厅 南,https://sh.lianjia.com/zufang/SH2325251858815795200.html,长宁-天山-天山怡景苑,88㎡,南,2室2厅1卫,低楼层（15层）
79,整租·凌兆新村 2室1厅 南,https://sh.lianjia.com/zufang/SH2329634634016759808.html,浦东-三林-凌兆新村,64㎡,南,2室1厅1卫,低楼层（6层）
80,整租·吴中公寓 1室1厅 南,https://sh.lianjia.com/zufang/SH2311565116967501824.html,徐汇-田林-吴中公寓,62㎡,南,1室1厅1卫,中楼层（22层）
81,整租·金杨六街坊 1室1厅 南,https://sh.lianjia.com/zufang/SH2310668028020260864.html,浦东-金杨-金杨六街坊,52㎡,南,1室1厅1卫,中楼层（6层）
82,整租·剑河家苑 2室1厅 南,https://sh.lianjia.com/zufang/SH2331690827882954752.html,长宁-北新泾-剑河家苑,77㎡,南,2室1厅1卫,低楼层（15层）
83,整租·临沂八村 1室1厅 南,https://sh.lianjia.com/zufang/SH2325920407133364224.html,浦东-南码头-临沂八村,40㎡,南,1室1厅1卫,中楼层（6层）
84,整租·莘松七村 2室1厅 南,https://sh.lianjia.com/zufang/SH2321531731351977984.html,闵行-莘庄-莘松七村,68㎡,南,2室1厅1卫,中楼层（6层）
85,整租·高兴花园 2室1厅 南/北,https://sh.lianjia.com/zufang/SH2326518928928407552.html,闵行-春申-高兴花园,67㎡,南北,2室1厅1卫,高楼层（6层）
86,整租·上海花城 2室2厅 南,https://sh.lianjia.com/zufang/SH2324426854788251648.html,长宁-中山公园-上海花城,108㎡,南,2室2厅1卫,中楼层（11层）
87,整租·莘浜路351弄 2室1厅 南,https://sh.lianjia.com/zufang/SH2321533244723429376.html,闵行-莘庄-莘浜路351弄,60㎡,南,2室1厅1卫,高楼层（5层）
88,整租·海院小区 1室1厅 南,https://sh.lianjia.com/zufang/SH2326808256078413824.html,浦东-源深-海院小区,42㎡,南,1室1厅1卫,低楼层（6层）
89,整租·胶南小区 1室0厅 南,https://sh.lianjia.com/zufang/SH2322968166965182464.html,浦东-南码头-胶南小区,34㎡,南,1室0厅1卫,高楼层（6层）
90,整租·金杨七街坊 1室1厅 南,https://sh.lianjia.com/zufang/SH2320057419327348736.html,浦东-金杨-金杨七街坊,49㎡,南,1室1厅1卫,中楼层（6层）
91,整租·长虹坊 2室1厅 南,https://sh.lianjia.com/zufang/SH2325406061781598208.html,徐汇-康健-长虹坊,74㎡,南,2室1厅1卫,高楼层（4层）
92,整租·东渡青筑 2室1厅 南,https://sh.lianjia.com/zufang/SH2333304693998501888.html,青浦-盈浦-东渡青筑,90㎡,南,2室1厅1卫,高楼层（15层）
93,整租·花苑村玉兰园 2室2厅 南/北,https://sh.lianjia.com/zufang/SH2311637375119261696.html,徐汇-康健-花苑村玉兰园,77㎡,南北,2室2厅1卫,高楼层（6层）
94,整租·静安新城五区 2室2厅 南,https://sh.lianjia.com/zufang/SH2338487919436120064.html,闵行-静安新城-静安新城五区,66㎡,南,2室2厅1卫,高楼层（6层）
95,整租·天安豪园 1室1厅 南,https://sh.lianjia.com/zufang/SH2335428996608827392.html,闵行-静安新城-天安豪园,50㎡,南,1室1厅1卫,高楼层（13层）
96,整租·青春驿站 1室1厅 南,https://sh.lianjia.com/zufang/SH2335560501469659136.html,松江-九亭-青春驿站,42㎡,南,1室1厅1卫,低楼层（11层）
97,整租·虹桥河滨花园 3室2厅 南,https://sh.lianjia.com/zufang/SH2336221266065244160.html,长宁-中山公园-虹桥河滨花园,153㎡,南,3室2厅2卫,低楼层（31层）
98,整租·贝尚湾(公寓) 1室1厅 南,https://sh.lianjia.com/zufang/SH2338275745065353216.html,松江-九亭-贝尚湾(公寓),51㎡,南,1室1厅1卫,中楼层（13层）
99,整租·荣盛名邸(公寓) 2室1厅 南,https://sh.lianjia.com/zufang/SH2333908463236677632.html,松江-莘闵别墅-荣盛名邸(公寓),87㎡,南,2室1厅1卫,高楼层（18层）
100,整租·朱梅小区 2室1厅 南,https://sh.lianjia.com/zufang/SH2338104814233731072.html,闵行-梅陇-朱梅小区,86㎡,南,2室1厅1卫,中楼层（6层）
101,整租·杉林新月环林东路799弄 3室2厅 南/北,https://sh.lianjia.com/zufang/SH2335547471285198848.html,浦东-三林-杉林新月环林东路799弄,93㎡,南北,3室2厅1卫,高楼层（6层）
102,整租·品珍苑 3室2厅 复式 南,https://sh.lianjia.com/zufang/SH2336241247402344448.html,浦东-三林-品珍苑,120㎡,南,3室2厅2卫,高楼层（6层）
103,整租·九方家园 2室1厅 南,https://sh.lianjia.com/zufang/SH2337654810478133248.html,闵行-华漕-九方家园,73㎡,南,2室1厅1卫,高楼层（6层）
104,整租·报春一村 2室1厅 南/北,https://sh.lianjia.com/zufang/SH2333761502920065024.html,闵行-莘庄-报春一村,50㎡,南北,2室1厅1卫,低楼层（6层）
105,整租·罗阳七村(三洲花园) 2室1厅 南,https://sh.lianjia.com/zufang/SH2335256679383302144.html,闵行-梅陇-罗阳七村(三洲花园),61㎡,南,2室1厅1卫,中楼层（6层）
106,整租·鑫国家园 3室2厅 西南,https://sh.lianjia.com/zufang/SH2334795582348476416.html,徐汇-徐家汇-鑫国家园,155㎡,西南,3室2厅2卫,中楼层（19层）
107,整租·盛华景苑 2室2厅 南,https://sh.lianjia.com/zufang/SH2338172407674060800.html,徐汇-华泾-盛华景苑,90㎡,南,2室2厅1卫,高楼层（28层）
108,整租·万科城市花园 1室1厅 南,https://sh.lianjia.com/zufang/SH2332708503011205120.html,闵行-七宝-万科城市花园,42㎡,南,1室1厅1卫,高楼层（6层）
109,整租·水清年华花园 2室1厅 南,https://sh.lianjia.com/zufang/SH2321113406100209664.html,闵行-七宝-水清年华花园,60㎡,南,2室1厅1卫,中楼层（11层）
110,整租·梅陇二村 2室1厅 南/北,https://sh.lianjia.com/zufang/SH2323121706769580032.html,闵行-梅陇-梅陇二村,60㎡,南北,2室1厅1卫,低楼层（6层）
111,整租·东晶国际公寓 1室2厅 西南,https://sh.lianjia.com/zufang/SH2319445848683192320.html,浦东-源深-东晶国际公寓,73㎡,西南,1室2厅1卫,高楼层（28层）
112,整租·明园小安桥 2室2厅 南,https://sh.lianjia.com/zufang/SH2310938979354017792.html,徐汇-田林-明园小安桥,87㎡,南,2室2厅1卫,中楼层（17层）
113,整租·前滩东方逸品 1室1厅 西,https://sh.lianjia.com/zufang/SH2314514893577404416.html,浦东-三林-前滩东方逸品,59㎡,西,1室1厅1卫,低楼层（33层）
114,整租·蒲汇新村 2室1厅 南,https://sh.lianjia.com/zufang/SH2328158759002062848.html,闵行-七宝-蒲汇新村,48㎡,南,2室1厅1卫,高楼层（6层）
115,整租·新凯城尚樱苑 3室2厅 南,https://sh.lianjia.com/zufang/SH2326782924923338752.html,松江-泗泾-新凯城尚樱苑,84㎡,南,3室2厅1卫,高楼层（18层）
116,整租·贝尚湾(公寓) 1室1厅 南,https://sh.lianjia.com/zufang/SH2328863647675727872.html,松江-九亭-贝尚湾(公寓),52㎡,南,1室1厅1卫,低楼层（13层）
117,整租·象屿上海年华 2室2厅 南,https://sh.lianjia.com/zufang/SH2326118987831975936.html,松江-莘闵别墅-象屿上海年华,82㎡,南,2室2厅1卫,中楼层（8层）
118,整租·汇贤雅居 2室2厅 南/北,https://sh.lianjia.com/zufang/SH2310886040082325504.html,徐汇-徐家汇-汇贤雅居,95㎡,南北,2室2厅1卫,中楼层（22层）
119,整租·莘浜路157弄 2室1厅 南,https://sh.lianjia.com/zufang/SH2321679093307293696.html,闵行-莘庄-莘浜路157弄,49㎡,南,2室1厅1卫,低楼层（6层）
120,整租·新汇公寓 2室1厅 东南,https://sh.lianjia.com/zufang/SH2335285917499539456.html,徐汇-徐家汇-新汇公寓,93㎡,东南,2室1厅1卫,低楼层（22层）
121,整租·上中西路767弄 2室1厅 南,https://sh.lianjia.com/zufang/SH2319592903917445120.html,闵行-梅陇-上中西路767弄,55㎡,南,2室1厅1卫,高楼层（6层）
122,整租·佳宝新村 1室1厅 南,https://sh.lianjia.com/zufang/SH2333199637319516160.html,闵行-七宝-佳宝新村,38㎡,南,1室1厅1卫,低楼层（6层）
123,整租·莘松二村 2室1厅 南,https://sh.lianjia.com/zufang/SH2318121349807349760.html,闵行-莘庄-莘松二村,48㎡,南,2室1厅1卫,高楼层（5层）
124,整租·龙柏二村 2室1厅 南,https://sh.lianjia.com/zufang/SH2315673051850874880.html,闵行-龙柏-龙柏二村,54㎡,南,2室1厅1卫,高楼层（6层）
125,整租·象屿品城 2室2厅 南,https://sh.lianjia.com/zufang/SH2325819341075128320.html,松江-九亭-象屿品城,82㎡,南,2室2厅1卫,中楼层（11层）
126,整租·黄山始信苑 2室1厅 南,https://sh.lianjia.com/zufang/SH2335450954998497280.html,浦东-金杨-黄山始信苑,70㎡,南,2室1厅1卫,中楼层（5层）
127,整租·塘和家园海康苑 3室1厅 南/北,https://sh.lianjia.com/zufang/SH2321789033422274560.html,松江-泗泾-塘和家园海康苑,83㎡,南北,3室1厅1卫,高楼层（18层）
128,整租·金杨新村三街坊 2室1厅 南,https://sh.lianjia.com/zufang/SH2331038633760661504.html,浦东-金杨-金杨新村三街坊,58㎡,南,2室1厅1卫,低楼层（7层）
129,整租·龙柏易居公寓 2室1厅 南,https://sh.lianjia.com/zufang/SH2337578030345756672.html,闵行-龙柏-龙柏易居公寓,74㎡,南,2室1厅1卫,低楼层（18层）
130,整租·龙柏三村 2室1厅 南/北,https://sh.lianjia.com/zufang/SH2321034880399441920.html,闵行-龙柏-龙柏三村,62㎡,南北,2室1厅1卫,高楼层（6层）
131,整租·常兴家园 2室1厅 南,https://sh.lianjia.com/zufang/SH2327520558671478784.html,闵行-春申-常兴家园,65㎡,南,2室1厅1卫,高楼层（6层）
132,整租·南极苑 3室1厅 南,https://sh.lianjia.com/zufang/SH2325924168467480576.html,浦东-金桥-南极苑,77㎡,南,3室1厅1卫,低楼层（6层）
133,整租·团结花苑 2室2厅 南,https://sh.lianjia.com/zufang/SH2315905539051364352.html,闵行-莘庄-团结花苑,81㎡,南,2室2厅1卫,中楼层（7层）
134,整租·名仕世家花苑 2室2厅 南,https://sh.lianjia.com/zufang/SH2318112140760203264.html,闵行-颛桥-名仕世家花苑,89㎡,南,2室2厅1卫,中楼层（6层）
135,整租·永新花苑 2室2厅 南,https://sh.lianjia.com/zufang/SH2298567973617025024.html,徐汇-徐家汇-永新花苑,110㎡,南,2室2厅2卫,中楼层（34层）
136,整租·万兆家园(五期) 2室2厅 南,https://sh.lianjia.com/zufang/SH2334908836801937408.html,闵行-七宝-万兆家园(五期),86㎡,南,2室2厅1卫,高楼层（6层）
137,整租·锦梅馨苑 1室1厅 南,https://sh.lianjia.com/zufang/SH2334845899240914944.html,闵行-春申-锦梅馨苑,59㎡,南,1室1厅1卫,中楼层（18层）
138,整租·罗阳三村 2室1厅 南,https://sh.lianjia.com/zufang/SH2314388672524320768.html,闵行-梅陇-罗阳三村,68㎡,南,2室1厅1卫,高楼层（6层）
139,整租·中梅苑 2室2厅 南,https://sh.lianjia.com/zufang/SH2321470153919315968.html,闵行-梅陇-中梅苑,106㎡,南,2室2厅1卫,中楼层（24层）
140,整租·荣盛名邸(公寓) 2室1厅 南,https://sh.lianjia.com/zufang/SH2332587178355326976.html,松江-莘闵别墅-荣盛名邸(公寓),93㎡,南,2室1厅1卫,低楼层（18层）
141,整租·莘南新村 2室2厅 南,https://sh.lianjia.com/zufang/SH2323615435666227200.html,闵行-莘庄-莘南新村,94㎡,南,2室2厅1卫,高楼层（6层）
142,整租·陆家嘴滨江公馆 1室2厅 南,https://sh.lianjia.com/zufang/SH2321673661288808448.html,浦东-洋泾-陆家嘴滨江公馆,70㎡,南,1室2厅1卫,高楼层（29层）
143,整租·莘松三村 1室1厅 南,https://sh.lianjia.com/zufang/SH2331142758598705152.html,闵行-莘庄-莘松三村,35㎡,南,1室1厅2卫,中楼层（5层）
144,整租·通联苑 2室1厅 南,https://sh.lianjia.com/zufang/SH2331836623928426496.html,浦东-金杨-通联苑,96㎡,南,2室1厅1卫,低楼层（11层）
145,整租·牡丹新村 2室1厅 南,https://sh.lianjia.com/zufang/SH2331181225861464064.html,闵行-七宝-牡丹新村,58㎡,南,2室1厅1卫,中楼层（6层）
146,整租·宝仪花苑 1室1厅 南,https://sh.lianjia.com/zufang/SH2320298323422494720.html,闵行-七宝-宝仪花苑,53㎡,南,1室1厅1卫,高楼层（6层）
147,整租·白雪公主 2室2厅 南,https://sh.lianjia.com/zufang/SH2323782668783206400.html,闵行-七宝-白雪公主,94㎡,南,2室2厅1卫,中楼层（11层）
148,整租·凌兆新村(上浦路606弄) 3室1厅 南,https://sh.lianjia.com/zufang/SH2332381077865775104.html,浦东-三林-凌兆新村(上浦路606弄),78㎡,南,3室1厅1卫,高楼层（6层）
149,整租·花苑茶花园 1室1厅 南,https://sh.lianjia.com/zufang/SH2337590823350173696.html,徐汇-康健-花苑茶花园,45㎡,南,1室1厅1卫,低楼层（6层）
150,整租·海德公寓 2室2厅 南,https://sh.lianjia.com/zufang/SH2336728694607060992.html,松江-九亭-海德公寓,115㎡,南,2室2厅2卫,中楼层（6层）
151,整租·九城湖滨国际 2室1厅 南,https://sh.lianjia.com/zufang/SH2338275009065394176.html,松江-九亭-九城湖滨国际,86㎡,南,2室1厅1卫,中楼层（16层）
152,整租·杜鹃园 2室1厅 南,https://sh.lianjia.com/zufang/SH2334723136475635712.html,徐汇-康健-杜鹃园,64㎡,南,2室1厅1卫,高楼层（6层）
153,整租·新虹桥首府(公寓) 2室2厅 南,https://sh.lianjia.com/zufang/SH2337571872512163840.html,松江-九亭-新虹桥首府(公寓),87㎡,南,2室2厅1卫,高楼层（20层）
154,整租·绿地泾南公寓 3室2厅 南,https://sh.lianjia.com/zufang/SH2337477792629006336.html,浦东-洋泾-绿地泾南公寓,123㎡,南,3室2厅2卫,高楼层（6层）
155,整租·寿德坊 1室1厅 南,https://sh.lianjia.com/zufang/SH2321061575576272896.html,徐汇-康健-寿德坊,48㎡,南,1室1厅1卫,低楼层（6层）
156,整租·绿庭尚城 2室2厅 南,https://sh.lianjia.com/zufang/SH2335410601951764480.html,松江-九亭-绿庭尚城,94㎡,南,2室2厅2卫,低楼层（27层）
157,整租·春申景城MIDTOWN 2室2厅 南,https://sh.lianjia.com/zufang/SH2320699788922208256.html,闵行-春申-春申景城MIDTOWN,108㎡,南,2室2厅1卫,低楼层（14层）
158,整租·静安新城七区 2室2厅 南,https://sh.lianjia.com/zufang/SH2328841760404406272.html,闵行-静安新城-静安新城七区,95㎡,南,2室2厅2卫,高楼层（12层）
159,整租·贝尚湾(公寓) 2室2厅 南/北,https://sh.lianjia.com/zufang/SH2333130274814304256.html,松江-九亭-贝尚湾(公寓),85㎡,南北,2室2厅1卫,高楼层（16层）
160,整租·知雅汇(公寓) 2室2厅 东南,https://sh.lianjia.com/zufang/SH2325387352115527680.html,松江-九亭-知雅汇(公寓),91㎡,东南,2室2厅1卫,中楼层（10层）
161,整租·金悦公寓 2室2厅 南,https://sh.lianjia.com/zufang/SH2317845830490931200.html,闵行-龙柏-金悦公寓,89㎡,南,2室2厅1卫,高楼层（6层）
162,整租·龙柏金铃公寓 2室2厅 南,https://sh.lianjia.com/zufang/SH2337578527605391360.html,闵行-龙柏-龙柏金铃公寓,103㎡,南,2室2厅1卫,高楼层（11层）
163,整租·万科假日风景(公寓) 3室2厅 南,https://sh.lianjia.com/zufang/SH2324583359595937792.html,闵行-莘庄-万科假日风景(公寓),118㎡,南,3室2厅2卫,中楼层（6层）
164,整租·上海源花城 2室2厅 南,https://sh.lianjia.com/zufang/SH2333326494254252032.html,松江-九亭-上海源花城,93㎡,南,2室2厅1卫,高楼层（11层）
165,整租·旭辉新构想 3室2厅 南,https://sh.lianjia.com/zufang/SH2328170065486422016.html,浦东-洋泾-旭辉新构想,133㎡,南,3室2厅2卫,中楼层（24层）
166,整租·中房樱桃苑 3室2厅 南/北,https://sh.lianjia.com/zufang/SH2314512629726986240.html,浦东-三林-中房樱桃苑,128㎡,南北,3室2厅2卫,高楼层（13层）
167,整租·贵龙园 2室2厅 南,https://sh.lianjia.com/zufang/SH2325896488602828800.html,浦东-塘桥-贵龙园,115㎡,南,2室2厅2卫,高楼层（18层）
168,整租·龙柏四村 2室2厅 南,https://sh.lianjia.com/zufang/SH2328162360701239296.html,闵行-龙柏-龙柏四村,100㎡,南,2室2厅2卫,高楼层（6层）
169,整租·旭辉新构想 3室2厅 南,https://sh.lianjia.com/zufang/SH2328170117277958144.html,浦东-洋泾-旭辉新构想,130㎡,南,3室2厅1卫,中楼层（24层）
170,整租·金杨新村五街坊 1室1厅 南,https://sh.lianjia.com/zufang/SH2336091330410708992.html,浦东-金杨-金杨新村五街坊,49㎡,南,1室1厅1卫,高楼层（6层）
171,整租·银都新村(1至7区) 1室1厅 南,https://sh.lianjia.com/zufang/SH2338476768543391744.html,闵行-颛桥-银都新村(1至7区),42㎡,南,1室1厅1卫,低楼层（6层）
172,整租·绿梅三村 1室0厅 南,https://sh.lianjia.com/zufang/SH2338334442973560832.html,闵行-莘庄-绿梅三村,30㎡,南,1室0厅1卫,中楼层（6层）
173,整租·莘松五村 1室1厅 南,https://sh.lianjia.com/zufang/SH2338321925232926720.html,闵行-莘庄-莘松五村,36㎡,南,1室1厅1卫,高楼层（5层）
174,整租·西环三村 1室0厅 南,https://sh.lianjia.com/zufang/SH2338318137356984320.html,闵行-莘庄-西环三村,38㎡,南,1室0厅1卫,高楼层（7层）
175,整租·田林十二村 2室1厅 西南,https://sh.lianjia.com/zufang/SH2334589989142134784.html,徐汇-田林-田林十二村,49㎡,西南,2室1厅1卫,低楼层（6层）
176,整租·薇馨家园 2室1厅 南/北,https://sh.lianjia.com/zufang/SH2336023980760375296.html,闵行-春申-薇馨家园,56㎡,南北,2室1厅1卫,高楼层（6层）
177,整租·上海花城 2室1厅 南,https://sh.lianjia.com/zufang/SH2337394750401028096.html,长宁-中山公园-上海花城,100㎡,南,2室1厅1卫,高楼层（11层）
178,整租·金杨六街坊 2室1厅 南,https://sh.lianjia.com/zufang/SH2337002332241534976.html,浦东-金杨-金杨六街坊,53㎡,南,2室1厅1卫,高楼层（6层）
179,整租·岭南苑(凌兆路99弄) 1室1厅 南,https://sh.lianjia.com/zufang/SH2336242935383212032.html,浦东-三林-岭南苑(凌兆路99弄),58㎡,南,1室1厅1卫,中楼层（6层）
180,整租·青浦万达茂 2室1厅 南,https://sh.lianjia.com/zufang/SH2335421008364191744.html,青浦-盈浦-青浦万达茂,90㎡,南,2室1厅1卫,低楼层（21层）
181,整租·滨江名人苑 2室2厅 南,https://sh.lianjia.com/zufang/SH2334136148202897408.html,黄浦-黄浦滨江-滨江名人苑,103㎡,南,2室2厅1卫,高楼层（31层）
182,整租·钦州路111弄 2室1厅 南,https://sh.lianjia.com/zufang/SH2335959667424886784.html,徐汇-康健-钦州路111弄,76㎡,南,2室1厅1卫,中楼层（30层）
183,整租·钦江大楼 2室1厅 北,https://sh.lianjia.com/zufang/SH2335956584418508800.html,徐汇-漕河泾-钦江大楼,65㎡,北,2室1厅1卫,高楼层（16层）
184,整租·南码头路144弄 1室1厅 南,https://sh.lianjia.com/zufang/SH2325978196044161024.html,浦东-南码头-南码头路144弄,34㎡,南,1室1厅1卫,中楼层（5层）
185,整租·金外滩花园 3室2厅 南,https://sh.lianjia.com/zufang/SH2334134814842044416.html,黄浦-黄浦滨江-金外滩花园,162㎡,南,3室2厅2卫,低楼层（27层）
186,整租·上南四村 1室1厅 南,https://sh.lianjia.com/zufang/SH2324507293040771072.html,浦东-世博-上南四村,29㎡,南,1室1厅1卫,高楼层（5层）
187,整租·西湖苑 2室1厅 东南,https://sh.lianjia.com/zufang/SH2333090029401800704.html,闵行-莘庄-西湖苑,62㎡,东南,2室1厅1卫,高楼层（6层）
188,整租·西湖苑 2室0厅 南,https://sh.lianjia.com/zufang/SH2323970616896012288.html,闵行-莘庄-西湖苑,51㎡,南,2室0厅1卫,高楼层（6层）
189,整租·上南七村 1室0厅 南/北,https://sh.lianjia.com/zufang/SH2313689134080212992.html,浦东-世博-上南七村,40㎡,南北,1室0厅1卫,高楼层（6层）
190,整租·绿梅二村 3室1厅 南,https://sh.lianjia.com/zufang/SH2338337201383292928.html,闵行-莘庄-绿梅二村,90㎡,南,3室1厅1卫,中楼层（6层）
191,整租·银桥花园 3室2厅 东南,https://sh.lianjia.com/zufang/SH2338111999747571712.html,闵行-颛桥-银桥花园,99㎡,东南,3室2厅2卫,高楼层（6层）
192,整租·上海春城 3室2厅 南/北,https://sh.lianjia.com/zufang/SH2335964290546409472.html,闵行-春申-上海春城,100㎡,南北,3室2厅1卫,高楼层（6层）
193,整租·龙柏四村三小区 1室1厅 南,https://sh.lianjia.com/zufang/SH2337588265647357952.html,闵行-龙柏-龙柏四村三小区,51㎡,南,1室1厅1卫,中楼层（6层）
194,整租·云台一小区 2室1厅 南,https://sh.lianjia.com/zufang/SH2335306175978930176.html,浦东-世博-云台一小区,53㎡,南,2室1厅1卫,高楼层（6层）
195,整租·罗阳三村 2室1厅 南,https://sh.lianjia.com/zufang/SH2330305520021544960.html,闵行-梅陇-罗阳三村,75㎡,南,2室1厅1卫,中楼层（6层）
196,整租·小红楼 2室2厅 南/北,https://sh.lianjia.com/zufang/SH2335982314745765888.html,浦东-三林-小红楼,88㎡,南北,2室2厅1卫,高楼层（6层）
197,整租·新凯二期 2室1厅 南/北,https://sh.lianjia.com/zufang/SH2326131669821825024.html,松江-泗泾-新凯二期,75㎡,南北,2室1厅1卫,中楼层（6层）
198,整租·南郊别墅(公寓) 2室1厅 南/北,https://sh.lianjia.com/zufang/SH2323077312595369984.html,闵行-颛桥-南郊别墅(公寓),94㎡,南北,2室1厅1卫,高楼层（4层）
199,整租·南郊别墅(公寓) 2室2厅 南/北,https://sh.lianjia.com/zufang/SH2332419736203165696.html,闵行-颛桥-南郊别墅(公寓),98㎡,南北,2室2厅1卫,高楼层（5层）
200,整租·春申五村 2室1厅 南,https://sh.lianjia.com/zufang/SH2334943278396882944.html,闵行-莘庄-春申五村,62㎡,南,2室1厅1卫,低楼层（6层）
201,整租·沁春园一村 2室1厅 南,https://sh.lianjia.com/zufang/SH2331838878744313856.html,闵行-莘庄-沁春园一村,68㎡,南,2室1厅1卫,高楼层（6层）
202,整租·西环三村 2室1厅 南,https://sh.lianjia.com/zufang/SH2330938534447284224.html,闵行-莘庄-西环三村,76㎡,南,2室1厅1卫,高楼层（6层）
203,整租·莘松七村 2室1厅 南,https://sh.lianjia.com/zufang/SH2319327997876256768.html,闵行-莘庄-莘松七村,54㎡,南,2室1厅1卫,高楼层（6层）
204,整租·奥林匹克花园 3室2厅 南,https://sh.lianjia.com/zufang/SH2321690643556483072.html,松江-九亭-奥林匹克花园,106㎡,南,3室2厅2卫,中楼层（5层）
205,整租·青春驿站 2室2厅 南,https://sh.lianjia.com/zufang/SH2331893958202105856.html,松江-九亭-青春驿站,79㎡,南,2室2厅1卫,高楼层（13层）
206,整租·旭辉玫瑰湾 2室2厅 南,https://sh.lianjia.com/zufang/SH2336974809226805248.html,青浦-盈浦-旭辉玫瑰湾,90㎡,南,2室2厅1卫,低楼层（14层）
207,整租·柳明公寓 3室1厅 南,https://sh.lianjia.com/zufang/SH2338061293204291584.html,闵行-莘庄-柳明公寓,148㎡,南,3室1厅2卫,中楼层（11层）
208,整租·绿洲香岛花园 3室2厅 南,https://sh.lianjia.com/zufang/SH2338861164424855552.html,松江-莘闵别墅-绿洲香岛花园,134㎡,南,3室2厅2卫,高楼层（14层）
209,整租·日晖六村 1室0厅 南,https://sh.lianjia.com/zufang/SH2339019461828280320.html,徐汇-斜土路-日晖六村,34㎡,南,1室0厅1卫,高楼层（5层）
210,整租·弘扬公寓 2室2厅 南,https://sh.lianjia.com/zufang/SH2339109112131878912.html,浦东-金杨-弘扬公寓,95㎡,南,2室2厅1卫,高楼层（5层）
211,整租·馨兰小区 1室1厅 南,https://sh.lianjia.com/zufang/SH2339139797618270208.html,长宁-西郊-馨兰小区,42㎡,南,1室1厅1卫,高楼层（6层）
212,整租·万宇阳光苑 2室2厅 南,https://sh.lianjia.com/zufang/SH2338972788720664576.html,松江-新桥-万宇阳光苑,87㎡,南,2室2厅1卫,高楼层（18层）
213,整租·日晖六村 1室0厅 南,https://sh.lianjia.com/zufang/SH2339019461828280320.html,徐汇-斜土路-日晖六村,34㎡,南,1室0厅1卫,高楼层（5层）
214,整租·欣德花苑 2室2厅 南,https://sh.lianjia.com/zufang/SH2338911317865537536.html,松江-新桥-欣德花苑,104㎡,南,2室2厅2卫,中楼层（5层）
215,整租·弘扬公寓 2室2厅 南,https://sh.lianjia.com/zufang/SH2339109112131878912.html,浦东-金杨-弘扬公寓,95㎡,南,2室2厅1卫,高楼层（5层）
216,整租·金地格林郡 2室2厅 南,https://sh.lianjia.com/zufang/SH2336977420659466240.html,青浦-夏阳-金地格林郡,90㎡,南,2室2厅1卫,高楼层（10层）
217,整租·绿梅二村 3室1厅 南,https://sh.lianjia.com/zufang/SH2338477863508393984.html,闵行-莘庄-绿梅二村,82㎡,南,3室1厅1卫,高楼层（6层）
218,整租·新凯城尚樱苑 2室1厅 南,https://sh.lianjia.com/zufang/SH2339226626698510336.html,松江-泗泾-新凯城尚樱苑,74㎡,南,2室1厅1卫,高楼层（18层）
219,整租·新凯城尚樱苑 2室1厅 南,https://sh.lianjia.com/zufang/SH2339234862650892288.html,松江-泗泾-新凯城尚樱苑,74㎡,南,2室1厅1卫,中楼层（18层）
220,整租·新凯城尚樱苑 2室1厅 南,https://sh.lianjia.com/zufang/SH2339234889075277824.html,松江-泗泾-新凯城尚樱苑,74㎡,南,2室1厅1卫,高楼层（18层）
221,整租·新凯城尚樱苑 2室1厅 南,https://sh.lianjia.com/zufang/SH2339234909870096384.html,松江-泗泾-新凯城尚樱苑,74㎡,南,2室1厅1卫,高楼层（18层）
222,整租·武定坊 1室1厅 南,https://sh.lianjia.com/zufang/SH2336733069937221632.html,静安-江宁路-武定坊,35㎡,南,1室1厅1卫,高楼层（4层）
223,整租·金家巷小区 1室1厅 南,https://sh.lianjia.com/zufang/SH2336811592517697536.html,静安-曹家渡-金家巷小区,35㎡,南,1室1厅1卫,高楼层（7层）
224,整租·赤峰小区 1室0厅 东南,https://sh.lianjia.com/zufang/SH2338117595083055104.html,虹口-曲阳-赤峰小区,40㎡,东南,1室0厅1卫,高楼层（6层）
225,整租·长桥三村 2室0厅 南,https://sh.lianjia.com/zufang/SH2336689903477735424.html,徐汇-长桥-长桥三村,48㎡,南,2室0厅1卫,中楼层（6层）
226,整租·中福花苑 1室2厅 西,https://sh.lianjia.com/zufang/SH2337537409711087616.html,黄浦-蓬莱公园-中福花苑,44㎡,西,1室2厅1卫,低楼层（15层）
227,整租·丽泽梅傲苑 1室1厅 南,https://sh.lianjia.com/zufang/SH2335389990244327424.html,浦东-书院镇-丽泽梅傲苑,52㎡,南,1室1厅1卫,中楼层（6层）
228,整租·新村路59弄 1室1厅 南,https://sh.lianjia.com/zufang/SH2335364845483851776.html,浦东-三林-新村路59弄,25㎡,南,1室1厅1卫,高楼层（3层）
229,整租·新城公寓 1室1厅 南,https://sh.lianjia.com/zufang/SH2335501651987152896.html,浦东-周浦-新城公寓,25㎡,南,1室1厅1卫,高楼层（6层）
230,整租·新舒苑 2室2厅 南,https://sh.lianjia.com/zufang/SH2335371554138882048.html,浦东-书院镇-新舒苑,66㎡,南,2室2厅1卫,中楼层（6层）
231,整租·镇宁路270号 2室0厅 东/西/北,https://sh.lianjia.com/zufang/SH2335396065500463104.html,静安-静安寺-镇宁路270号,44㎡,东西北,2室0厅1卫,高楼层（5层）
232,整租·丹桂佳苑 1室1厅 南,https://sh.lianjia.com/zufang/SH2336086661781528576.html,浦东-惠南-丹桂佳苑,55㎡,南,1室1厅1卫,高楼层（6层）
233,整租·西凌新邨 1室1厅 南,https://sh.lianjia.com/zufang/SH2336083588262666240.html,黄浦-蓬莱公园-西凌新邨,44㎡,南,1室1厅1卫,低楼层（32层）
234,整租·长桥一村 1室1厅 西南,https://sh.lianjia.com/zufang/SH2335213131963301888.html,徐汇-长桥-长桥一村,42㎡,西南,1室1厅1卫,中楼层（6层）
235,整租·东南一村 1室1厅 南,https://sh.lianjia.com/zufang/SH2336250276237025280.html,浦东-周浦-东南一村,9㎡,南,1室1厅1卫,高楼层（5层）
236,整租·长新小区(普陀) 1室1厅 南,https://sh.lianjia.com/zufang/SH2338359975732051968.html,普陀-甘泉宜川-长新小区(普陀),41㎡,南,1室1厅1卫,低楼层（6层）
237,整租·长桥四村 1室1厅 南,https://sh.lianjia.com/zufang/SH2335427825408155648.html,徐汇-长桥-长桥四村,42㎡,南,1室1厅1卫,中楼层（7层）
238,整租·襄阳公寓 1室0厅 南,https://sh.lianjia.com/zufang/SH2335344229724987392.html,徐汇-建国西路-襄阳公寓,12㎡,南,1室0厅1卫,低楼层（28层）
239,整租·施湾家园 1室1厅 南,https://sh.lianjia.com/zufang/SH2336159936885047296.html,浦东-川沙-施湾家园,55㎡,南,1室1厅1卫,低楼层（6层）
240,整租·新泾二村 1室1厅 南,https://sh.lianjia.com/zufang/SH2337740913045929984.html,长宁-北新泾-新泾二村,36㎡,南,1室1厅1卫,低楼层（6层）
241,整租·北蒙三小区 1室1厅 南,https://sh.lianjia.com/zufang/SH2338187529641271296.html,黄浦-五里桥-北蒙三小区,30㎡,南,1室1厅1卫,高楼层（6层）
242,整租·荡湾新村 1室1厅 南/北,https://sh.lianjia.com/zufang/SH2338118475307810816.html,浦东-惠南-荡湾新村,43㎡,南北,1室1厅1卫,高楼层（6层）
243,整租·崧泽华城华中苑 1室1厅 南,https://sh.lianjia.com/zufang/SH2335443204553310208.html,青浦-赵巷-崧泽华城华中苑,57㎡,南,1室1厅1卫,高楼层（18层）
244,整租·高荣小区 1室1厅 南,https://sh.lianjia.com/zufang/SH2335970084121747456.html,静安-曹家渡-高荣小区,34㎡,南,1室1厅1卫,低楼层（6层）
245,整租·延平路237弄 1室0厅 西,https://sh.lianjia.com/zufang/SH2338155841447788544.html,静安-曹家渡-延平路237弄,23㎡,西,1室0厅1卫,高楼层（7层）
246,整租·又一村(静安) 2室1厅 南/西,https://sh.lianjia.com/zufang/SH2335430134204735488.html,静安-江宁路-又一村(静安),50㎡,南西,2室1厅1卫,高楼层（7层）
247,整租·水霞小区 1室1厅 东南/南,https://sh.lianjia.com/zufang/SH2338176845968842752.html,长宁-仙霞-水霞小区,48㎡,东南南,1室1厅1卫,高楼层（6层）
248,整租·布鲁斯小镇(绿地·皇家官邸) 2室2厅 南,https://sh.lianjia.com/zufang/SH2336673619847159808.html,浦东-惠南-布鲁斯小镇(绿地·皇家官邸),90㎡,南,2室2厅1卫,低楼层（14层）
249,整租·大金更小区 1室1厅 南/北,https://sh.lianjia.com/zufang/SH2337578819730276352.html,长宁-仙霞-大金更小区,35㎡,南北,1室1厅1卫,高楼层（6层）
250,整租·广电大楼 1室1厅 东,https://sh.lianjia.com/zufang/SH2336100650674290688.html,静安-静安寺-广电大楼,40㎡,东,1室1厅1卫,低楼层（13层）
251,整租·丽园路574弄 1室0厅 南/北,https://sh.lianjia.com/zufang/SH2335451883684241408.html,黄浦-五里桥-丽园路574弄,32㎡,南北,1室0厅1卫,高楼层（7层）
252,整租·桃浦十村（紫腾苑小区银杏路120弄） 1室0厅 南,https://sh.lianjia.com/zufang/SH2337483913259122688.html,普陀-桃浦-桃浦十村（紫腾苑小区银杏路120弄）,35㎡,南,1室0厅1卫,高楼层（6层）
253,整租·安居锦竹苑 1室1厅 南,https://sh.lianjia.com/zufang/SH2338151716626898944.html,普陀-桃浦-安居锦竹苑,56㎡,南,1室1厅1卫,中楼层（18层）
254,整租·化工一四村 2室0厅 南,https://sh.lianjia.com/zufang/SH2336195712402071552.html,徐汇-华东理工-化工一四村,38㎡,南,2室0厅1卫,低楼层（5层）
255,整租·梅陇四村 1室0厅 南,https://sh.lianjia.com/zufang/SH2336117764349509632.html,徐汇-华东理工-梅陇四村,33㎡,南,1室0厅1卫,中楼层（6层）
256,整租·新泾家苑 1室0厅 南,https://sh.lianjia.com/zufang/SH2336831473359003648.html,长宁-西郊-新泾家苑,54㎡,南,1室0厅1卫,高楼层（6层）
257,整租·王满小区 1室1厅 南,https://sh.lianjia.com/zufang/SH2336128098560647168.html,长宁-西郊-王满小区,34㎡,南,1室1厅1卫,中楼层（5层）
258,整租·盛华景苑 1室2厅 南,https://sh.lianjia.com/zufang/SH2336731805044457472.html,徐汇-华泾-盛华景苑,67㎡,南,1室2厅1卫,低楼层（18层）
259,整租·高荣小区 1室0厅 南,https://sh.lianjia.com/zufang/SH2336149244245196800.html,静安-曹家渡-高荣小区,34㎡,南,1室0厅1卫,高楼层（7层）
260,整租·长桥三村 1室1厅 南,https://sh.lianjia.com/zufang/SH2335405298967658496.html,徐汇-长桥-长桥三村,46㎡,南,1室1厅1卫,高楼层（6层）
261,整租·凤凰赢家 1室0厅 东,https://sh.lianjia.com/zufang/SH2335953317609340928.html,杨浦-鞍山-凤凰赢家,36㎡,东,1室0厅1卫,低楼层（50层）
262,整租·南园新村 1室1厅 南,https://sh.lianjia.com/zufang/SH2336821100157075456.html,黄浦-打浦桥-南园新村,30㎡,南,1室1厅1卫,中楼层（6层）
263,整租·中福花苑 1室1厅 西,https://sh.lianjia.com/zufang/SH2336183991251771392.html,黄浦-蓬莱公园-中福花苑,42㎡,西,1室1厅1卫,低楼层（15层）
264,整租·安东小区 1室0厅 南,https://sh.lianjia.com/zufang/SH2336237044692959232.html,长宁-新华路-安东小区,30㎡,南,1室0厅1卫,高楼层（6层）
265,整租·西康路828号 1室0厅 南,https://sh.lianjia.com/zufang/SH2335957617853341696.html,静安-江宁路-西康路828号,25㎡,南,1室0厅1卫,低楼层（24层）
266,整租·紫竹小区 1室1厅 南,https://sh.lianjia.com/zufang/SH2335299789605830656.html,长宁-北新泾-紫竹小区,29㎡,南,1室1厅1卫,高楼层（6层）
267,整租·瞿溪新村 2室0厅 南/北,https://sh.lianjia.com/zufang/SH2335276963373260800.html,黄浦-世博滨江-瞿溪新村,44㎡,南北,2室0厅1卫,高楼层（6层）
268,整租·海防路559号 1室1厅 南,https://sh.lianjia.com/zufang/SH2335395788827394048.html,静安-江宁路-海防路559号,37㎡,南,1室1厅1卫,中楼层（7层）
269,整租·三门二小区 1室1厅 南,https://sh.lianjia.com/zufang/SH2336139035627487232.html,虹口-江湾镇-三门二小区,48㎡,南,1室1厅1卫,低楼层（6层）
270,整租·桃浦四村易居紫荆苑 1室0厅 南,https://sh.lianjia.com/zufang/SH2337466790608904192.html,普陀-桃浦-桃浦四村易居紫荆苑,40㎡,南,1室0厅1卫,中楼层（6层）
271,整租·花苑茶花园 1室1厅 南,https://sh.lianjia.com/zufang/SH2336100361209135104.html,徐汇-康健-花苑茶花园,42㎡,南,1室1厅1卫,高楼层（6层）
272,整租·金菊小区 1室1厅 南,https://sh.lianjia.com/zufang/SH2335216361821192192.html,长宁-北新泾-金菊小区,45㎡,南,1室1厅1卫,低楼层（6层）
273,整租·园南二村 2室1厅 南,https://sh.lianjia.com/zufang/SH2335521538406612992.html,徐汇-植物园-园南二村,50㎡,南,2室1厅1卫,高楼层（6层）
274,整租·中远两湾城 1室0厅 南,https://sh.lianjia.com/zufang/SH2333976095634243584.html,普陀-中远两湾城-中远两湾城,30㎡,南,1室0厅0卫,低楼层（9层）
275,整租·东泉小区 1室1厅 南,https://sh.lianjia.com/zufang/SH2334073531287486464.html,徐汇-植物园-东泉小区,44㎡,南,1室1厅1卫,高楼层（6层）
276,整租·永年路74号 1室1厅 南,https://sh.lianjia.com/zufang/SH2334037543412039680.html,黄浦-新天地-永年路74号,35㎡,南,1室1厅1卫,中楼层（6层）
277,整租·金水和璟园 2室1厅 南,https://sh.lianjia.com/zufang/SH2334731549377314816.html,奉贤-南桥-金水和璟园,75㎡,南,2室1厅1卫,低楼层（23层）
278,整租·鹤沙航城东茗苑 2室1厅 南/北,https://sh.lianjia.com/zufang/SH2333927542656352256.html,浦东-航头-鹤沙航城东茗苑,72㎡,南北,2室1厅1卫,中楼层（6层）
279,整租·荡湾新村 1室1厅 南,https://sh.lianjia.com/zufang/SH2334598994337988608.html,浦东-惠南-荡湾新村,42㎡,南,1室1厅1卫,中楼层（6层）
280,整租·蒙自路395弄 1室1厅 东/南,https://sh.lianjia.com/zufang/SH2334825131521605632.html,黄浦-五里桥-蒙自路395弄,31㎡,东南,1室1厅1卫,低楼层（7层）
281,整租·皮裘公寓 1室0厅 西北,https://sh.lianjia.com/zufang/SH2333939118968406016.html,静安-南京西路-皮裘公寓,45㎡,西北,1室0厅1卫,中楼层（4层）
282,整租·鲁班路400弄 1室0厅 南,https://sh.lianjia.com/zufang/SH2333977622922665984.html,黄浦-打浦桥-鲁班路400弄,25㎡,南,1室0厅0卫,低楼层（5层）
283,整租·民乐城泓瀚苑 2室1厅 南,https://sh.lianjia.com/zufang/SH2334742375479377920.html,浦东-惠南-民乐城泓瀚苑,78㎡,南,2室1厅1卫,低楼层（3层）
284,整租·汇成四村 2室0厅 南,https://sh.lianjia.com/zufang/SH2334085883956822016.html,徐汇-上海南站-汇成四村,50㎡,南,2室0厅1卫,高楼层（6层）
285,整租·云帆佳苑 1室1厅 南,https://sh.lianjia.com/zufang/SH2334518180476616704.html,浦东-泥城镇-云帆佳苑,48㎡,南,1室1厅1卫,低楼层（6层）
286,整租·曹杨八村 1室0厅 南,https://sh.lianjia.com/zufang/SH2335356950386589696.html,普陀-真如-曹杨八村,32㎡,南,1室0厅2卫,高楼层（5层）
287,整租·荡湾新村 3室1厅 南,https://sh.lianjia.com/zufang/SH2335373957324079104.html,浦东-惠南-荡湾新村,64㎡,南,3室1厅1卫,低楼层（6层）
288,整租·苑宏新村 1室0厅 南,https://sh.lianjia.com/zufang/SH2336276483976470528.html,徐汇-徐汇滨江-苑宏新村,35㎡,南,1室0厅1卫,高楼层（6层）
289,整租·又一村(静安) 1室1厅 西,https://sh.lianjia.com/zufang/SH2333781665610211328.html,静安-江宁路-又一村(静安),30㎡,西,1室1厅1卫,高楼层（7层）
290,整租·华纺小区 1室0厅 东南,https://sh.lianjia.com/zufang/SH2335238976258457600.html,静安-曹家渡-华纺小区,34㎡,东南,1室0厅1卫,中楼层（7层）
291,整租·漕溪三村 1室1厅 南,https://sh.lianjia.com/zufang/SH2334536011444387840.html,徐汇-万体馆-漕溪三村,38㎡,南,1室1厅1卫,低楼层（5层）
292,整租·西姚家弄50-52号(双) 1室0厅 南,https://sh.lianjia.com/zufang/SH2335330395316559872.html,黄浦-豫园-西姚家弄50-52号(双),32㎡,南,1室0厅1卫,高楼层（6层）
293,整租·梅陇三村 1室1厅 南,https://sh.lianjia.com/zufang/SH2334654321914298368.html,徐汇-华东理工-梅陇三村,37㎡,南,1室1厅1卫,中楼层（6层）
294,整租·延平路430-440号 2室0厅 西南,https://sh.lianjia.com/zufang/SH2333839596305260544.html,静安-曹家渡-延平路430-440号,37㎡,西南,2室0厅1卫,高楼层（6层）
295,整租·长桥五村 1室1厅 南,https://sh.lianjia.com/zufang/SH2335992066108571648.html,徐汇-长桥-长桥五村,41㎡,南,1室1厅1卫,低楼层（6层）
296,整租·虹桥小区 1室1厅 南,https://sh.lianjia.com/zufang/SH2334744426997891072.html,长宁-虹桥-虹桥小区,31㎡,南,1室1厅1卫,高楼层（6层）
297,整租·宜川四村 1室1厅 南,https://sh.lianjia.com/zufang/SH2333929166304444416.html,普陀-甘泉宜川-宜川四村,20㎡,南,1室1厅1卫,高楼层（6层）
298,整租·惠康苑西苑 1室1厅 南,https://sh.lianjia.com/zufang/SH2337554382003896320.html,浦东-惠南-惠康苑西苑,58㎡,南,1室1厅1卫,高楼层（14层）
299,整租·安东小区 1室1厅 南,https://sh.lianjia.com/zufang/SH2333853918100201472.html,长宁-新华路-安东小区,32㎡,南,1室1厅1卫,低楼层（6层）
300,整租·荡湾新村 2室1厅 南,https://sh.lianjia.com/zufang/SH2335934063808364544.html,浦东-惠南-荡湾新村,55㎡,南,2室1厅1卫,高楼层（5层）
